Name,Team,Pos,Opp,Salary,SS Proj,Own,Adj Own,p25,p50,p75,p85,p95,p99,Status
Jahmyr Gibbs,DET,RB,vs NYJ,8800,26.18,29.32,30.23,18.0,25.2,33.1,37.8,46.0,55.9,
Josh Allen,BUF,QB,vs LAC,8000,25.38,10.24,9.91,18.7,24.6,31.1,35.0,42.1,50.4,
Lamar Jackson,BAL,QB,at DAL,7500,22.60,5.51,5.48,16.4,22.2,28.2,31.6,37.5,44.7,
Christian McCaffrey,SF,RB,vs ARI,8300,21.41,16.22,16.62,14.5,20.3,27.1,31.2,38.7,48.2,
Brock Purdy,SF,QB,vs ARI,6500,21.29,7.13,7.13,15.1,20.1,26.4,30.2,37.2,44.8,
Jaxon Smith-Njigba,SEA,WR,at WAS,8600,21.27,14.33,15.60,13.0,20.3,28.4,32.6,40.5,50.4,
Kenneth Walker III,KC,RB,at MIA,7400,21.26,27.73,29.58,14.0,20.1,27.2,31.4,38.8,48.2,
Patrick Mahomes,KC,QB,at MIA,6200,20.60,9.34,9.10,15.1,19.9,25.2,28.5,34.4,41.4,
Dak Prescott,DAL,QB,vs BAL,6700,19.95,4.11,4.11,14.2,19.3,24.9,28.3,33.9,40.1,
Amon-Ra St. Brown,DET,WR,vs NYJ,7900,19.87,15.01,16.58,12.1,18.5,27.0,31.4,39.1,48.3,
Jared Goff,DET,QB,vs NYJ,6300,19.77,8.26,8.33,13.8,18.9,24.9,28.3,33.9,40.1,
Tyler Shough,NO,QB,vs LV,5400,19.71,10.67,10.73,13.8,19.0,24.6,28.0,34.0,41.4,
CeeDee Lamb,DAL,WR,vs BAL,7800,19.57,16.81,18.63,12.0,18.2,26.3,30.4,37.5,46.0,
Ja'Marr Chase,CIN,WR,at PIT,8100,19.46,11.30,12.08,11.9,17.7,25.9,30.4,38.2,47.4,
Derrick Henry,BAL,RB,at DAL,7700,19.44,11.73,12.16,11.9,18.0,25.6,29.8,37.5,47.5,
Jonathan Taylor,IND,RB,vs HOU,7600,19.38,14.09,14.57,12.7,18.4,24.9,28.9,35.9,45.5,
Trevor Lawrence,JAX,QB,vs NE,5700,19.08,7.53,7.59,13.3,18.1,24.0,27.3,33.6,40.2,
Drake Maye,NE,QB,at JAX,6100,18.32,2.89,2.87,12.8,17.4,23.1,26.4,32.3,39.4,
Ashton Jeanty,LV,RB,at NO,7100,18.27,12.67,13.02,11.9,17.0,23.2,27.0,34.6,43.8,
Joe Burrow,CIN,QB,at PIT,6600,18.16,1.47,1.44,12.6,17.3,23.0,26.4,32.2,38.6,
James Cook III,BUF,RB,vs LAC,6900,18.05,16.65,17.80,11.1,16.7,23.7,27.7,35.1,42.9,
Garrett Wilson,NYJ,WR,at DET,6300,17.44,27.63,32.71,10.5,15.8,23.2,27.7,34.8,43.7,
Chris Olave,NO,WR,vs LV,7200,17.44,13.96,15.25,10.7,16.1,23.1,27.4,34.2,42.3,
Kyler Murray,MIN,QB,at TB,5100,17.38,5.21,5.23,12.1,16.5,21.8,25.0,31.0,38.2,
Justin Herbert,LAC,QB,at BUF,5800,17.22,2.17,2.12,11.7,16.4,22.0,25.2,31.0,37.7,
Chase Brown,CIN,RB,at PIT,6600,17.11,13.98,14.59,10.8,15.8,22.0,25.8,33.1,42.1,
Bryce Young,CAR,QB,at CLE,5600,16.93,2.69,2.67,11.6,16.0,21.3,24.4,30.3,37.3,
Trey McBride,ARI,TE,at SF,6700,16.87,9.63,9.98,10.8,15.7,21.8,25.6,32.9,40.9,
Justin Jefferson,MIN,WR,at TB,7500,16.86,5.66,5.66,10.1,15.4,22.5,26.9,33.8,42.4,
C.J. Stroud,HOU,QB,at IND,5500,16.74,1.72,1.70,11.7,15.8,21.0,24.0,29.5,36.4,
Jaylen Warren,PIT,RB,vs CIN,5700,16.60,25.89,27.74,10.8,15.4,21.1,24.7,31.5,40.0,Q
Deshaun Watson,CLE,QB,vs CAR,4700,16.59,6.81,6.95,11.2,15.4,21.0,24.4,30.7,38.1,
Chuba Hubbard,CAR,RB,at CLE,6100,16.52,17.84,19.21,10.1,15.3,21.6,25.3,32.1,39.9,
De'Von Achane,MIA,RB,vs KC,6500,16.52,13.39,13.84,10.7,15.4,21.1,24.7,31.1,39.8,
Sam Darnold,SEA,QB,at WAS,5400,16.32,0.96,0.93,11.3,15.5,20.5,23.5,29.0,35.8,
Baker Mayfield,TB,QB,vs MIN,5300,16.23,1.02,1.00,11.3,15.5,20.4,23.4,28.5,35.2,
Geno Smith,NYJ,QB,at DET,4900,16.10,6.15,6.21,11.1,15.3,20.3,23.4,28.9,35.2,
Breece Hall,NYJ,RB,at DET,6400,15.95,11.25,11.59,9.9,14.8,20.5,24.3,31.0,40.2,
Javonte Williams,DAL,RB,vs BAL,6700,15.41,4.08,3.87,9.6,14.4,19.9,23.4,30.1,38.0,
Parker Washington,JAX,WR,vs NE,6000,15.38,18.89,22.05,8.8,13.8,20.8,25.2,32.5,41.0,
Jacoby Brissett,ARI,QB,at SF,4800,15.32,1.62,1.59,10.6,14.5,19.3,22.2,27.6,34.8,
George Pickens,DAL,WR,vs BAL,6600,15.19,7.30,7.53,8.7,13.9,20.5,24.3,31.6,39.7,
Daniel Jones,IND,QB,vs HOU,5000,15.13,0.74,0.70,10.3,14.3,19.1,22.0,27.4,34.4,
Malik Willis,MIA,QB,vs KC,4900,14.95,1.21,1.14,9.9,14.0,19.1,22.2,27.9,35.1,
Aaron Rodgers,PIT,QB,vs CIN,5000,14.53,0.86,0.82,10.0,13.6,18.3,21.3,26.7,32.9,
Bucky Irving,TB,RB,vs MIN,6300,14.14,2.82,2.56,8.6,12.9,18.4,21.7,28.1,36.0,
Quinshon Judkins,CLE,RB,vs CAR,5500,13.96,9.25,9.39,8.5,12.9,18.2,21.5,27.6,35.7,
Omarion Hampton,LAC,RB,at BUF,6800,13.91,1.05,0.82,7.9,12.7,18.3,21.9,28.6,37.1,
Tetairoa McMillan,CAR,WR,at CLE,6000,13.88,9.08,9.65,7.8,12.6,19.0,22.4,29.4,37.6,
Kirk Cousins,LV,QB,at NO,4800,13.81,0.57,0.53,9.3,13.0,17.6,20.4,25.7,31.8,
Cam Skattebo,NYG,RB,vs TEN,6200,13.65,1.19,0.96,7.9,12.3,17.8,21.3,28.2,37.4,
Ladd McConkey,LAC,WR,at BUF,5900,13.65,8.27,8.73,7.3,12.3,18.2,22.2,29.8,38.3,
Jameis Winston,NYG,QB,vs TEN,4000,13.31,0.99,0.89,8.4,12.6,17.2,19.9,25.3,32.3,
Jalen Coker,CAR,WR,at CLE,5500,13.28,10.41,11.31,7.3,12.1,17.9,21.6,28.6,36.0,Q
Dalton Kincaid,BUF,TE,vs LAC,5500,13.14,3.88,3.67,7.3,11.8,17.6,21.3,28.6,36.5,
Marcus Mariota,WAS,QB,vs SEA,4500,13.13,0.11,0.08,8.2,12.3,17.0,19.8,25.1,32.4,
Tee Higgins,CIN,WR,at PIT,6100,13.01,1.94,1.66,7.0,11.4,17.7,21.5,29.1,37.3,
Mike Evans,SF,WR,vs ARI,6800,12.99,1.47,1.22,7.0,11.9,17.7,21.2,28.5,36.8,Q
Dalton Schultz,HOU,TE,at IND,4200,12.90,22.89,26.66,7.6,11.6,16.9,20.5,27.4,35.1,
Travis Kelce,KC,TE,at MIA,4500,12.86,18.00,20.96,7.0,11.6,17.2,20.8,27.8,36.4,
Aaron Jones Sr.,MIN,RB,at TB,5900,12.65,1.25,1.01,7.3,11.3,16.6,20.1,26.5,34.4,
Jameson Williams,DET,WR,vs NYJ,5400,12.65,10.16,11.17,6.4,11.1,17.4,21.4,29.5,38.5,
Cam Ward,TEN,QB,at NYG,5100,12.64,0.02,0.01,7.9,11.9,16.5,19.1,23.9,29.6,
Rashee Rice,KC,WR,at MIA,6400,12.61,2.59,2.33,6.9,11.6,17.0,20.6,27.5,35.6,
Malik Nabers,NYG,WR,vs TEN,6500,12.43,0.34,0.23,6.7,11.0,16.7,20.6,27.8,35.8,
DK Metcalf,PIT,WR,vs CIN,5400,12.39,6.20,6.28,6.9,11.2,16.6,20.3,27.1,34.4,
Mark Andrews,BAL,TE,at DAL,4400,12.38,15.52,18.16,6.1,10.5,16.5,20.6,29.6,39.7,
Sam LaPorta,DET,TE,vs NYJ,4300,12.13,14.61,16.63,6.5,10.7,16.2,19.9,27.3,36.6,
Josh Downs,IND,WR,vs HOU,5700,12.06,2.29,2.05,6.9,11.0,15.9,19.3,26.1,34.1,
Emeka Egbuka,TB,WR,vs MIN,6200,12.05,1.03,0.80,6.5,10.6,16.1,20.2,26.8,34.9,
Jadarian Price,SEA,RB,at WAS,5300,11.95,2.65,2.31,6.7,10.4,15.7,19.1,25.8,33.8,
Bhayshul Tuten,JAX,RB,vs NE,5600,11.92,1.41,1.12,6.5,10.4,15.9,19.0,25.5,33.5,
Brock Bowers,LV,TE,at NO,6600,11.88,0.07,0.04,6.6,10.6,15.7,19.1,25.9,33.7,Q
George Kittle,SF,TE,vs ARI,4800,11.86,5.03,4.91,6.1,10.5,16.0,19.6,27.0,35.6,
Tyler Warren,IND,TE,vs HOU,5300,11.79,0.86,0.68,6.7,10.9,15.6,18.7,24.6,32.5,
David Montgomery,HOU,RB,at IND,6000,11.75,0.44,0.31,6.6,10.8,15.6,18.6,24.3,32.0,
Tony Pollard,TEN,RB,at NYG,5400,11.73,1.29,1.03,6.6,10.3,15.6,18.6,24.2,31.1,
Deebo Samuel Sr.,SF,WR,vs ARI,5300,11.62,5.34,5.30,6.5,10.7,15.7,18.9,25.0,32.6,
Rashod Bateman,BAL,WR,at DAL,4700,11.56,12.38,14.14,5.6,9.7,15.7,19.7,28.0,37.0,
DJ Moore,BUF,WR,vs LAC,5800,11.55,1.82,1.52,5.9,10.5,15.9,19.3,26.2,33.5,Q
Jeremiyah Love,ARI,RB,at SF,5500,11.31,0.91,0.69,6.3,10.0,14.9,18.1,24.3,32.4,
Devaughn Vele,NO,WR,vs LV,4400,11.25,15.62,18.28,5.9,9.9,15.1,19.1,25.9,34.5,
Khalil Shakir,BUF,WR,vs LAC,4800,10.99,7.63,7.99,5.7,9.9,15.1,18.3,24.7,31.9,
Michael Wilson,ARI,WR,at SF,5200,10.69,1.80,1.52,5.6,9.5,14.5,17.6,24.2,33.0,
Denzel Boston,CLE,WR,vs CAR,4500,10.68,9.31,10.10,5.3,9.5,14.5,17.9,24.7,32.8,
Travis Etienne Jr.,NO,RB,vs LV,5800,10.67,0.25,0.15,5.6,9.4,14.4,17.4,23.3,31.9,
Isaiah Likely,NYG,TE,vs TEN,4700,10.43,0.81,0.59,5.3,9.0,13.9,17.4,24.5,33.2,
Rhamondre Stevenson,NE,RB,at JAX,5400,10.36,0.37,0.26,6.0,9.3,13.7,16.3,21.5,28.0,
Hunter Henry,NE,TE,at JAX,3900,10.24,8.11,8.52,5.2,9.3,13.9,16.9,22.6,30.5,
Xavier Worthy,KC,WR,at MIA,4400,10.22,8.62,9.25,5.0,9.0,14.2,17.3,24.0,32.4,
Tre Tucker,LV,WR,at NO,5000,10.00,1.76,1.46,5.0,8.9,13.6,16.7,22.7,31.1,
KC Concepcion Jr.,CLE,WR,vs CAR,4300,10.00,7.57,7.88,5.5,8.9,13.4,16.2,22.1,29.5,
TreVeyon Henderson,NE,RB,at JAX,5200,9.85,0.44,0.28,5.0,8.5,13.2,16.3,22.0,29.1,
Alvin Kamara,NO,RB,vs LV,4800,9.79,0.65,0.45,5.2,8.9,13.1,16.0,20.9,27.8,
Adonai Mitchell,NYJ,WR,at DET,4300,9.79,7.00,7.25,4.9,8.7,13.4,16.5,22.4,30.6,Q
Malik Washington,MIA,WR,vs KC,4200,9.68,6.84,7.02,5.3,8.7,13.0,15.7,21.1,28.5,
Harold Fannin Jr.,CLE,TE,vs CAR,4000,9.62,3.64,3.38,5.0,8.6,13.1,15.9,21.1,28.8,
Oronde Gadsden II,LAC,TE,at BUF,3500,9.58,10.42,11.47,4.6,7.9,13.1,16.2,22.9,32.6,
Terry McLaurin,WAS,WR,vs SEA,5100,9.46,0.18,0.10,4.6,8.5,13.0,15.7,21.6,29.7,
Romeo Doubs,NE,WR,at JAX,5100,9.46,0.48,0.31,4.5,8.5,13.2,16.0,21.6,29.0,
Pat Freiermuth,PIT,TE,vs CIN,3800,9.44,3.79,3.54,4.9,8.3,12.8,15.6,21.4,29.1,
Jakobi Meyers,JAX,WR,vs NE,4800,9.23,0.97,0.72,4.5,8.1,12.8,15.8,21.6,29.5,
Juwan Johnson,NO,TE,vs LV,3700,9.17,3.93,3.68,4.5,7.9,12.6,15.4,21.2,29.5,
Jordan Addison,MIN,WR,at TB,4900,9.16,0.89,0.64,4.2,7.9,12.8,15.8,21.7,30.6,
Chris Godwin Jr.,TB,WR,vs MIN,5300,9.11,0.33,0.21,4.5,8.0,12.5,15.4,21.2,28.2,
Quentin Johnston,LAC,WR,at BUF,4900,9.10,1.20,0.88,3.7,7.5,12.9,16.3,22.9,32.3,
Chiefs,KC,DST,at MIA,3700,9.09,8.07,8.94,5.0,8.0,12.0,15.0,19.0,26.0,
Stefon Diggs,WAS,WR,vs SEA,5500,9.01,0.13,0.07,4.7,8.0,12.2,14.9,20.2,28.6,
Carnell Tate,TEN,WR,at NYG,5000,9.00,0.08,0.04,4.5,8.0,12.5,15.1,20.4,27.8,
Xavier Hutchinson,HOU,WR,at IND,4000,8.93,5.46,5.43,4.3,7.9,12.3,15.3,20.8,29.0,
Brian Thomas Jr.,JAX,WR,vs NE,4600,8.90,1.07,0.77,3.7,7.6,12.4,15.9,22.7,31.5,
Seahawks,SEA,DST,at WAS,3800,8.83,5.21,5.50,4.0,8.0,12.0,15.0,20.0,27.0,
T.J. Hockenson,MIN,TE,at TB,3200,8.57,6.36,6.44,4.3,7.4,11.8,14.4,19.3,27.1,
Jake Ferguson,DAL,TE,vs BAL,4100,8.54,0.80,0.57,4.2,7.3,11.9,14.7,19.7,26.5,
Keenan Allen,IND,WR,vs HOU,4600,8.54,0.61,0.42,4.2,7.6,11.9,14.5,19.7,26.8,
Kayshon Boutte,HOU,WR,at IND,4500,8.39,0.12,0.06,3.4,7.2,12.1,15.1,21.1,29.9,
Brenton Strange,JAX,TE,vs NE,3400,8.25,4.27,4.02,3.7,7.1,11.6,14.5,19.7,27.3,
Mack Hollins,NE,WR,at JAX,4200,8.24,1.96,1.61,3.6,7.1,11.7,14.4,20.3,27.7,
Tyler Allgeier,ARI,RB,at SF,5000,8.20,0.17,0.09,4.2,6.9,11.0,13.7,18.8,25.5,
Wan'Dale Robinson,TEN,WR,at NYG,4500,8.13,0.11,0.06,4.1,7.2,11.3,13.8,18.4,24.5,
Kenyon Sadiq,NYJ,TE,at DET,3500,8.10,1.63,1.31,3.9,7.0,11.1,13.8,18.9,26.4,
Woody Marks,HOU,RB,at IND,5000,8.03,0.02,0.01,4.2,6.8,10.9,13.5,18.0,24.1,
Rachaad White,WAS,RB,vs SEA,5100,7.96,0.05,0.02,4.3,7.1,10.7,13.1,17.3,22.5,
Ryan Flournoy,DAL,WR,vs BAL,3800,7.87,2.90,2.56,3.5,6.7,11.1,13.8,19.2,26.0,
Tyjae Spears,TEN,RB,at NYG,4900,7.85,0.02,0.01,4.1,6.8,10.7,13.1,17.5,22.8,Q
Rashid Shaheed,SEA,WR,at WAS,4200,7.79,0.35,0.20,3.1,6.4,11.0,14.0,20.2,28.2,
Emmett Johnson,KC,RB,at MIA,4400,7.77,0.11,0.06,4.1,6.6,10.4,12.9,17.7,23.9,
Giants,NYG,DST,vs TEN,3400,7.74,3.85,3.85,4.0,7.0,11.0,13.0,18.0,24.0,
Tre' Harris,LAC,WR,at BUF,3900,7.70,2.49,2.12,3.2,6.6,10.9,13.9,19.1,27.0,
DeMario Douglas,NE,WR,at JAX,3700,7.67,4.23,4.01,3.4,6.6,10.9,13.5,18.6,25.8,
Cade Otton,TB,TE,vs MIN,3100,7.59,3.27,2.96,3.7,6.5,10.6,13.0,17.4,23.9,
Titans,TEN,DST,at NYG,2400,7.55,24.93,36.01,3.0,7.0,11.0,13.0,18.0,25.0,
Jacory Croskey-Merritt,WAS,RB,vs SEA,5300,7.49,0.01,0.00,3.8,6.1,10.2,12.7,17.3,24.9,
Vikings,MIN,DST,at TB,3100,7.45,6.06,6.63,3.0,7.0,11.0,13.0,18.0,25.0,
Kenny Gainwell,TB,RB,vs MIN,4800,7.32,0.03,0.01,3.3,6.0,10.2,12.8,17.5,23.8,
Marvin Harrison Jr.,ARI,WR,at SF,4700,7.30,0.26,0.14,2.7,6.4,10.6,13.4,18.5,26.2,
Jaguars,JAX,DST,vs NE,2900,7.20,6.31,6.96,3.0,6.0,10.0,13.0,17.1,23.0,
Justice Hill,BAL,RB,at DAL,4200,7.14,0.15,0.07,3.3,5.9,9.7,12.3,17.7,24.7,
Panthers,CAR,DST,at CLE,3000,7.13,4.06,4.10,3.0,6.0,10.0,13.0,17.0,23.0,
Michael Pittman Jr.,PIT,WR,vs CIN,4700,7.03,0.04,0.02,3.0,6.0,10.1,12.7,17.4,23.7,Q
Isaiah Williams,NYJ,WR,at DET,3300,6.97,2.50,2.15,3.1,6.0,9.9,12.4,17.0,23.5,
Bills,BUF,DST,vs LAC,2800,6.96,6.74,7.49,3.0,6.0,10.0,12.0,17.0,22.0,
Lions,DET,DST,vs NYJ,3500,6.84,0.26,0.15,3.0,6.0,10.0,13.0,17.1,24.0,
Mike Gesicki,CIN,TE,at PIT,3300,6.82,0.45,0.27,2.8,5.6,9.8,12.3,17.6,24.7,
Steelers,PIT,DST,vs CIN,2700,6.80,5.46,5.83,3.0,6.0,10.0,12.0,17.1,24.0,
AJ Barner,SEA,TE,at WAS,3100,6.71,1.06,0.74,2.6,5.4,9.6,12.3,17.2,24.4,
Bengals,CIN,DST,at PIT,2900,6.70,3.39,3.31,3.0,6.0,10.0,12.0,16.1,22.0,
Emanuel Wilson,SEA,RB,at WAS,4900,6.64,0.04,0.01,2.9,5.0,9.2,11.7,17.2,24.6,
Buccaneers,TB,DST,vs MIN,2600,6.63,7.56,8.58,3.0,6.0,10.0,12.0,17.0,22.0,
49ers,SF,DST,vs ARI,3600,6.61,0.54,0.37,3.0,6.0,10.0,12.0,16.0,22.0,
Jaylin Noel,HOU,WR,at IND,3600,6.52,0.50,0.31,2.7,5.7,9.2,11.9,16.3,22.5,
Jalen Nailor,LV,WR,at NO,3700,6.29,0.66,0.42,2.2,5.1,9.2,11.7,16.4,23.8,
Kendrick Bourne,ARI,WR,at SF,3700,6.29,0.70,0.46,2.6,5.3,9.0,11.3,15.9,22.2,
Raiders,LV,DST,at NO,2600,6.23,3.29,3.20,3.0,5.0,9.0,12.0,16.0,22.0,
Ted Hurst III,TB,WR,vs MIN,3000,6.22,4.16,3.89,2.0,5.2,9.1,11.8,16.7,23.6,
Darren Waller,CAR,TE,at CLE,3400,6.20,0.12,0.05,2.1,4.9,9.2,11.9,16.6,23.0,
Gunnar Helm,TEN,TE,at NYG,2900,6.20,0.74,0.50,2.8,5.1,8.7,11.2,15.3,20.4,
Michael Mayer,LV,TE,at NO,3300,6.19,0.30,0.16,2.4,5.0,9.1,11.6,15.9,21.3,
LaJohntay Wester,BAL,WR,at DAL,3000,6.07,4.62,4.41,1.5,4.4,9.3,12.3,18.2,25.8,
Browns,CLE,DST,vs CAR,2500,6.07,5.16,5.50,2.0,5.0,9.0,11.0,16.0,22.0,
Greg Dulcich,MIA,TE,vs KC,3000,6.03,0.51,0.31,2.4,4.9,8.6,11.1,15.4,21.0,
Saints,NO,DST,vs LV,3300,5.98,0.39,0.24,2.0,5.0,9.0,11.0,16.0,21.0,
Cooper Kupp,SEA,WR,at WAS,4000,5.91,0.05,0.02,1.9,4.7,8.6,11.4,16.1,23.3,
Texans,HOU,DST,at IND,3200,5.89,0.50,0.32,2.0,5.0,9.0,11.0,15.0,21.0,
Kaelon Black,SF,RB,vs ARI,4800,5.89,0.06,0.02,2.7,4.6,8.3,10.6,14.5,20.4,
Malachi Fields,NYG,WR,vs TEN,4400,5.73,,0.46,1.6,4.4,8.5,11.4,16.7,24.1,
Roman Wilson,PIT,WR,vs CIN,3400,5.68,0.51,0.31,2.0,4.9,8.2,10.5,14.7,20.3,
Samaje Perine,CIN,RB,at PIT,4100,5.66,0.04,0.02,2.6,4.6,7.7,10.1,14.0,19.3,
Braelon Allen,NYJ,RB,at DET,4400,5.61,0.07,0.03,2.4,4.3,8.0,10.3,14.3,20.0,
Keaton Mitchell,LAC,RB,at BUF,4300,5.59,0.02,0.01,2.6,4.6,7.5,9.7,13.8,19.3,
Chris Rodriguez Jr.,JAX,RB,vs NE,4600,5.53,0.01,0.00,2.0,4.0,8.2,10.4,14.3,20.2,
Patriots,NE,DST,at JAX,2700,5.48,1.15,0.89,2.0,5.0,8.0,11.0,15.0,21.0,
Tyquan Thornton,KC,WR,at MIA,3300,5.31,1.20,0.81,0.0,3.6,7.9,11.0,17.1,25.9,
Colts,IND,DST,vs HOU,2500,5.29,1.70,1.43,2.0,4.0,8.0,10.0,15.0,20.0,
Chris Bell,MIA,WR,vs KC,3400,5.13,0.37,0.20,1.3,3.8,7.8,10.3,15.0,21.3,
Keon Coleman,BUF,WR,vs LAC,4300,5.03,0.22,0.10,0.8,3.6,7.8,10.6,15.1,21.4,Q
Chris Moore,BAL,WR,at DAL,3100,4.96,1.25,0.86,0.0,3.2,7.4,10.5,16.3,24.3,
Jerry Jeudy,CLE,WR,vs CAR,3800,4.96,0.13,0.06,1.5,4.1,7.3,9.8,13.9,19.3,
Commanders,WAS,DST,vs SEA,2300,4.80,1.84,1.58,2.0,4.0,7.0,10.0,14.0,19.0,
Ravens,BAL,DST,at DAL,2800,4.73,0.16,0.07,1.0,4.0,8.0,10.0,14.0,19.0,
Darnell Mooney,NYG,WR,vs TEN,4100,4.63,,0.00,0.0,3.3,7.0,9.6,14.2,20.5,
Devin Singletary,NYG,RB,vs TEN,4200,4.63,,0.00,2.0,3.8,6.1,8.2,12.1,16.5,
Kevin Coleman Jr.,MIA,WR,vs KC,3000,4.61,0.56,0.31,0.0,3.1,7.1,9.7,14.4,20.5,
Devontez Walker,BAL,WR,at DAL,3500,4.56,0.24,0.11,0.0,2.9,6.4,9.1,15.4,24.1,
Antonio Williams,WAS,WR,vs SEA,4100,4.48,0.01,0.00,1.2,3.6,6.6,8.7,13.0,18.4,
Bryce Lance,NO,WR,vs LV,3000,4.44,0.63,0.38,1.1,3.3,6.4,9.1,13.3,19.0,
Jack Bech,LV,WR,at NO,3500,4.37,0.38,0.20,0.6,3.2,6.6,8.9,13.3,18.8,
Jauan Jennings,MIN,WR,at TB,3600,4.33,0.24,0.11,1.0,3.1,6.2,9.1,13.3,18.8,
George Holani,SEA,RB,at WAS,4500,4.32,0.03,0.01,1.7,3.2,5.8,8.4,12.0,17.4,
Isaac TeSlaa,DET,WR,vs NYJ,3400,4.31,0.98,0.63,0.0,3.0,6.2,9.0,13.7,20.3,
Elic Ayomanor,TEN,WR,at NYG,3300,4.25,0.01,0.00,0.0,2.7,6.4,9.1,13.7,19.2,
Laquon Treadwell,IND,WR,vs HOU,3100,4.20,0.16,0.07,1.2,3.1,6.0,8.5,12.7,18.9,
Jets,NYJ,DST,at DET,2100,4.19,1.55,1.25,1.0,3.0,7.0,9.0,14.0,19.0,
Jared Wayne,HOU,WR,at IND,3100,4.19,0.06,0.02,0.0,3.2,6.2,8.5,12.9,18.3,
Darnell Washington,PIT,TE,vs CIN,2800,4.12,0.09,0.04,1.4,3.4,5.8,7.9,12.0,16.3,
Xavier Legette,CAR,WR,at CLE,3500,4.10,0.36,0.18,0.0,2.8,6.1,8.7,13.1,18.5,Q
Noah Fant,NO,TE,vs LV,3200,4.01,0.08,0.03,0.0,2.9,5.8,8.2,12.5,17.8,
Sione Vaki,DET,RB,vs NYJ,4300,3.93,0.02,0.01,1.4,2.9,5.2,7.5,11.5,16.5,
Josh Oliver,MIN,TE,at TB,2500,3.92,0.26,0.12,0.0,2.5,5.8,8.4,12.9,18.4,
Calvin Ridley,TEN,WR,at NYG,4000,3.91,,0.00,0.0,2.8,5.6,8.0,12.1,17.4,
Jalen McMillan,TB,WR,vs MIN,4100,3.81,0.03,0.01,0.0,3.0,5.5,7.9,11.5,15.5,
Dohnte Meyers,CIN,WR,at PIT,3000,3.78,0.06,0.02,0.0,2.7,5.5,7.7,11.8,17.0,
Cowboys,DAL,DST,vs BAL,2400,3.74,0.29,0.15,0.0,3.0,6.0,8.2,13.0,18.0,
AJ Dillon,CAR,RB,at CLE,4000,3.67,0.02,0.01,1.4,2.8,4.8,6.6,10.5,15.1,
Dawson Knox,BUF,TE,vs LAC,2800,3.66,0.34,0.17,0.0,2.2,5.3,8.1,12.6,17.5,
Tommy Tremble,CAR,TE,at CLE,2500,3.66,0.25,0.12,1.0,2.9,5.2,7.1,11.3,15.5,
Mike Washington Jr.,LV,RB,at NO,4100,3.64,0.01,0.00,1.2,2.5,4.7,7.4,10.7,15.1,
DeeJay Dallas,MIN,RB,at TB,4200,3.55,,0.00,1.3,2.7,4.7,6.5,10.2,14.5,
Raheim Sanders,CLE,RB,vs CAR,4500,3.47,,0.00,1.1,2.4,4.7,6.8,10.5,14.7,
Joshua Palmer,BUF,WR,vs LAC,3500,3.43,0.39,0.20,0.0,1.9,5.1,8.5,12.1,16.8,
Chargers,LAC,DST,at BUF,2200,3.37,0.46,0.27,0.0,3.0,6.0,8.0,11.0,16.0,
Jeremy Ruckert,NYJ,TE,at DET,2500,3.36,0.14,0.05,0.0,2.0,5.0,7.4,12.0,17.0,
Najee Harris,NYG,RB,vs TEN,4700,3.35,,0.00,1.2,2.3,4.2,6.6,10.3,15.3,
Darius Slayton,IND,WR,vs HOU,3500,3.35,,0.00,0.0,2.2,4.8,7.2,11.5,16.0,
Cardinals,ARI,DST,at SF,2300,3.27,0.45,0.26,0.0,3.0,6.0,8.0,12.0,17.0,
Dyami Brown,WAS,WR,vs SEA,3200,3.23,,0.00,0.0,2.1,4.7,6.6,10.9,15.7,
Kyle Juszczyk,SF,RB,vs ARI,4000,3.11,,0.00,0.0,2.1,4.2,6.2,10.9,15.1,
Noah Gray,KC,TE,at MIA,3000,3.07,0.01,0.00,0.0,1.8,4.2,6.8,11.4,16.2,
Dolphins,MIA,DST,vs KC,2000,3.05,0.62,0.39,0.0,2.0,5.0,7.0,11.0,17.0,
Ty Johnson,BUF,RB,vs LAC,4000,2.99,0.02,0.00,0.7,2.2,4.1,5.7,9.2,13.4,
Kyle Williams,NE,WR,at JAX,3400,2.99,0.09,0.03,0.0,1.9,4.6,6.5,10.5,15.3,
Ben Sinnott,WAS,TE,vs SEA,2600,2.96,0.04,0.01,0.0,1.9,4.2,5.9,10.8,14.7,
Drew Sample,CIN,TE,at PIT,2600,2.83,0.05,0.02,0.0,1.9,3.9,5.5,10.0,13.7,
Emari Demercado,DAL,RB,vs BAL,4200,2.76,,0.00,0.6,1.8,3.5,5.5,9.5,13.2,
Theo Johnson,NYG,TE,vs TEN,2700,2.71,0.01,0.00,0.0,1.6,3.8,5.6,10.8,15.7,
Foster Moreau,HOU,TE,at IND,2500,2.68,0.06,0.02,0.0,1.7,3.7,5.5,10.3,14.8,
Durham Smythe,BAL,TE,at DAL,2500,2.67,0.12,0.05,0.0,1.7,3.7,5.5,10.1,14.7,
Travis Homer,PIT,RB,vs CIN,4000,2.66,,0.00,0.8,2.0,3.5,4.7,8.5,12.4,
Elijah Arroyo,SEA,TE,at WAS,2500,2.61,0.02,0.00,0.0,1.5,3.5,5.6,10.8,15.9,
Germie Bernard,PIT,WR,vs CIN,3900,2.59,0.01,0.00,0.0,1.5,3.6,6.2,10.3,13.8,
Ollie Gordon II,MIA,RB,vs KC,4000,2.56,,0.00,0.6,1.6,3.2,5.2,9.0,12.3,
Eli Raridon,NE,TE,at JAX,2900,2.50,0.06,0.02,0.0,1.6,3.6,5.1,9.0,13.4,Q
Jacob Cowing,SF,WR,vs ARI,3300,2.49,0.14,0.06,0.0,1.6,3.5,5.8,9.8,14.2,
KhaDarel Hodge,SF,WR,vs ARI,3000,2.47,0.16,0.07,0.0,1.5,3.4,5.5,10.3,14.1,
John Bates,WAS,TE,vs SEA,2500,2.35,0.03,0.01,0.0,1.7,3.5,4.7,7.8,12.4,
Eli Heidenreich,PIT,RB,vs CIN,4000,2.35,,0.00,0.4,1.6,3.1,4.4,8.5,11.8,
Daniel Bellinger,TEN,TE,at NYG,2500,2.33,,0.00,0.0,1.6,3.3,4.7,8.9,13.1,
KaVontae Turpin,DAL,WR,vs BAL,3000,2.27,0.09,0.03,0.0,1.3,3.1,4.9,9.1,13.0,
Mitchell Evans,CAR,TE,at CLE,2500,2.26,0.08,0.03,0.0,1.5,3.1,4.6,9.4,13.3,
Erick All Jr.,CIN,TE,at PIT,2500,2.16,0.01,0.00,0.0,1.5,3.3,4.5,8.0,12.4,
Luke Farrell,SF,TE,vs ARI,2500,2.16,0.10,0.04,0.0,1.4,2.9,4.3,9.4,13.1,
Blake Whiteheart,CLE,TE,vs CAR,2500,2.15,0.16,0.06,0.0,1.6,3.0,4.2,9.0,12.5,
Travis Hunter,JAX,WR,vs NE,3100,2.13,0.03,0.01,0.0,1.2,3.0,4.5,8.7,12.8,
Will Kacmarek,MIA,TE,vs KC,2500,2.10,,0.00,0.0,1.0,2.7,4.5,9.5,12.7,
Matt Hibner,BAL,TE,at DAL,2500,2.00,0.03,0.01,0.0,0.0,2.7,4.1,9.0,13.8,
Jaleel McLaughlin,CLE,RB,vs CAR,4000,1.96,0.01,0.00,0.2,1.4,2.8,3.8,6.9,10.9,
Nate Boerkircher,JAX,TE,vs NE,2500,1.81,0.09,0.03,0.0,1.2,2.5,3.7,8.0,11.9,
Jalen Tolbert,MIA,WR,vs KC,3000,1.78,0.03,0.01,0.0,0.0,2.5,3.9,8.1,12.2,
Ray Davis,BUF,RB,vs LAC,4400,1.78,,0.00,0.1,0.9,2.3,3.4,7.6,10.6,
DJ Herman,MIA,RB,vs KC,4000,1.76,,0.00,0.1,1.2,2.5,3.5,6.4,10.4,
Hunter Luepke,DAL,RB,vs BAL,4000,1.75,0.03,0.01,0.0,1.0,2.2,3.2,7.8,11.2,
Derius Davis,LAC,WR,at BUF,3000,1.73,0.05,0.02,0.0,0.0,2.4,3.9,7.8,12.5,
Tory Horton,SEA,WR,at WAS,3000,1.71,0.03,0.01,0.0,0.0,2.2,3.7,8.8,13.2,
CJ Donaldson,NO,RB,vs LV,4000,1.69,,0.00,0.3,0.9,2.1,3.1,7.5,10.5,
Ryan Miller,MIA,WR,vs KC,3200,1.66,,0.00,0.0,0.0,2.5,3.7,6.7,11.1,Q
John Metchie III,CAR,WR,at CLE,3000,1.66,0.05,0.02,0.0,0.0,2.1,3.8,8.2,11.3,
Tez Johnson,TB,WR,vs MIN,3000,1.64,0.03,0.01,0.0,0.4,2.3,3.5,7.3,11.5,
Nick Singleton,TEN,RB,at NYG,4000,1.62,,0.00,0.0,0.6,1.8,2.9,8.0,10.5,
Kaytron Allen,WAS,RB,vs SEA,4300,1.61,,0.00,0.3,0.9,2.0,2.8,7.1,10.0,
Jackson Hawes,BUF,TE,vs LAC,2500,1.58,0.05,0.02,0.0,0.0,1.9,3.2,8.9,12.5,
Mo Alie-Cox,IND,TE,vs HOU,2500,1.56,0.01,0.00,0.0,0.0,2.1,3.2,8.1,12.3,
Brevyn Spann-Ford,DAL,TE,vs BAL,2500,1.56,0.16,0.06,0.0,0.0,2.1,3.2,7.2,11.4,
LeQuint Allen Jr.,JAX,RB,vs NE,4000,1.56,,0.00,0.0,1.0,2.2,3.2,5.9,10.3,
Luke Schoonmaker,DAL,TE,vs BAL,2500,1.53,0.03,0.01,0.0,0.0,2.1,3.2,6.6,11.1,
Ameer Abdullah,JAX,RB,vs NE,4000,1.51,,0.00,0.2,0.8,2.0,2.8,6.6,9.7,
Josh Cameron,JAX,WR,vs NE,3000,1.51,0.02,0.00,0.0,0.0,2.0,3.3,8.2,11.8,
Jordan Watkins,SF,WR,vs ARI,3100,1.50,0.02,0.00,0.0,0.0,2.1,3.2,7.9,11.8,
Quintin Morris,JAX,TE,vs NE,2500,1.43,0.07,0.02,0.0,0.0,2.0,3.0,7.3,11.4,
Colson Yankoff,WAS,TE,vs SEA,2500,1.42,0.01,0.00,0.0,0.0,1.9,2.9,7.6,11.5,
Colbie Young,CIN,WR,at PIT,3000,1.40,0.01,0.00,0.0,0.0,2.0,3.1,7.5,11.0,
Jalen Royals,KC,WR,at MIA,3000,1.39,0.06,0.02,0.0,0.0,1.9,2.9,8.1,11.3,
Hunter Long,ARI,TE,at SF,2500,1.36,0.01,0.00,0.0,0.0,1.8,2.7,8.1,11.1,
Chimere Dike,TEN,WR,at NYG,3000,1.28,,0.00,0.0,0.1,1.8,2.7,6.0,9.7,
Elijah Higgins,ARI,TE,at SF,2500,1.26,0.01,0.00,0.0,0.0,1.8,2.6,6.0,10.8,
Efton Chism III,NE,WR,at JAX,3000,1.22,0.02,0.00,0.0,0.0,1.7,2.6,7.4,10.7,
Jordan James,SF,RB,vs ARI,4000,1.20,,0.00,0.0,0.5,1.6,2.3,5.8,9.4,
Brock Wright,DET,TE,vs NYJ,2500,1.17,0.05,0.02,0.0,0.0,1.5,2.3,7.6,11.5,
Cyrus Allen,KC,WR,at MIA,3600,1.15,0.05,0.02,0.0,0.0,1.7,2.5,6.6,10.9,
Cade Stover,HOU,TE,at IND,2500,1.14,0.03,0.01,0.0,0.0,1.6,2.3,7.4,11.0,
Oscar Delp,NO,TE,vs LV,2500,1.14,0.03,0.01,0.0,0.0,1.6,2.4,6.2,10.6,
Kimani Vidal,LAC,RB,at BUF,4000,1.13,,0.00,0.0,0.2,1.4,2.1,6.7,9.6,
Tylan Wallace,CLE,WR,vs CAR,3000,1.12,0.03,0.01,0.0,0.0,1.5,2.4,7.6,10.9,
Drew Ogletree,IND,TE,vs HOU,2500,1.10,,0.00,0.0,0.0,1.5,2.3,7.1,11.1,
Deion Burks,IND,WR,vs HOU,3300,1.06,0.01,0.00,0.0,0.0,1.6,2.4,4.8,9.6,
Demond Claiborne,MIN,RB,at TB,4400,1.06,,0.00,0.0,0.2,1.3,2.0,6.3,9.6,
Connor Heyward,LV,RB,at NO,4000,1.04,,0.00,0.0,0.1,1.2,1.9,6.8,9.5,
Marlin Klein,HOU,TE,at IND,2500,1.02,0.01,0.00,0.0,0.0,1.4,2.1,5.6,11.0,
Jonathan Mingo,DAL,WR,vs BAL,3000,1.00,0.04,0.01,0.0,0.0,1.6,2.3,4.5,9.6,
Ben Skowronek,PIT,WR,vs CIN,3000,1.00,0.02,0.00,0.0,0.0,1.6,2.3,4.8,9.7,
Odell Beckham Jr.,NYG,WR,vs TEN,3300,0.99,,0.00,0.0,0.0,1.2,2.3,5.6,11.2,
Isaiah Bond,CLE,WR,vs CAR,3000,0.99,0.01,0.00,0.0,0.0,1.2,2.2,6.0,10.3,
Josh Cuevas,BAL,TE,at DAL,2500,0.90,,0.00,0.0,0.0,1.1,2.0,4.6,10.2,
Anthony Tyus III,CAR,RB,at CLE,4000,0.89,0.04,0.01,0.0,0.3,1.3,1.9,3.6,8.2,
Treylon Burks,WAS,WR,vs SEA,3000,0.89,,0.00,0.0,0.0,1.5,2.2,4.1,9.0,
Eric Saubert,SEA,TE,at WAS,2500,0.87,,0.00,0.0,0.0,0.0,1.7,7.6,10.7,
Brady Russell,SEA,RB,at WAS,4000,0.86,,0.00,0.0,0.0,1.4,1.9,3.5,9.4,
Ian Thomas,LV,TE,at NO,2500,0.85,0.01,0.00,0.0,0.0,0.0,1.7,7.3,10.2,
Brycen Tremayne,CAR,WR,at CLE,3000,0.84,0.03,0.01,0.0,0.0,1.4,2.1,4.1,9.0,
Ke'Shawn Williams,CIN,WR,at PIT,3000,0.83,,0.00,0.0,0.0,0.0,2.0,6.0,9.4,
Cameron Latu,NE,TE,at JAX,2500,0.83,0.01,0.00,0.0,0.0,0.0,1.8,5.2,9.9,
Lewis Bond,HOU,WR,at IND,3000,0.82,,0.00,0.0,0.0,1.4,2.0,3.8,8.8,
Myles Price,MIN,WR,at TB,3000,0.82,0.01,0.00,0.0,0.0,0.0,1.9,6.0,9.4,
Jake Briningstool,KC,TE,at MIA,2500,0.82,0.01,0.00,0.0,0.0,0.0,1.7,5.3,10.5,
Dylan Laube,LV,RB,at NO,4000,0.81,,0.00,0.0,0.0,1.1,1.7,4.5,8.2,
Kameron Johnson,TB,WR,vs MIN,3000,0.80,0.02,0.00,0.0,0.0,0.0,1.8,6.0,9.2,
Sean Tucker,TB,RB,vs MIN,4000,0.79,,0.00,0.0,0.0,0.5,1.0,6.2,7.8,
Malik Benson,LV,WR,at NO,3000,0.78,,0.00,0.0,0.0,0.7,1.9,4.1,8.5,
Jelani Woods,NYJ,TE,at DET,2500,0.76,0.04,0.01,0.0,0.0,0.0,1.8,4.1,9.7,
Kevin Austin Jr.,NO,WR,vs LV,3000,0.74,0.02,0.00,0.0,0.0,0.0,1.7,4.4,9.9,
Cody White,LV,WR,at NO,3200,0.69,0.01,0.00,0.0,0.0,0.0,1.8,3.5,8.4,
Andrew Beck,NYJ,RB,at DET,4000,0.61,0.01,0.00,0.0,0.0,0.0,1.6,2.9,8.5,
Alec Ingold,LAC,RB,at BUF,4000,0.59,,0.00,0.0,0.0,0.9,1.5,2.7,8.3,
Brashard Smith,KC,RB,at MIA,4000,0.58,,0.00,0.0,0.0,0.4,0.8,5.1,7.4,
Jalen Brooks,ARI,WR,at SF,3000,0.54,,0.00,0.0,0.0,0.0,1.4,3.0,8.9,
Brayden Willis,SF,TE,vs ARI,2500,0.53,0.02,0.00,0.0,0.0,0.0,1.5,2.8,8.3,
Greg Dortch,BUF,WR,vs LAC,3000,0.53,0.02,0.00,0.0,0.0,0.0,1.5,2.9,7.5,
Braxton Berrios,NYG,WR,vs TEN,3000,0.53,0.01,0.00,0.0,0.0,0.0,1.4,3.1,7.3,
Kaden Wetjen,PIT,WR,vs CIN,3000,0.53,0.03,0.01,0.0,0.0,0.0,1.4,3.2,7.3,
Marquez Valdes-Scantling,LAC,WR,at BUF,3000,0.53,,0.00,0.0,0.0,0.0,1.5,2.9,7.8,
Tay Martin,DET,WR,vs NYJ,3000,0.51,0.22,0.10,0.0,0.0,0.0,1.2,3.0,8.6,
Tai Felton,MIN,WR,at TB,3000,0.51,0.01,0.00,0.0,0.0,0.0,1.3,3.1,7.8,
Max Bredeson,MIN,RB,at TB,4000,0.49,,0.00,0.0,0.0,0.0,1.4,2.3,7.7,
Dareke Young,LV,WR,at NO,3000,0.49,,0.00,0.0,0.0,0.0,1.3,2.8,8.2,
Trey Palmer,NO,WR,vs LV,3000,0.48,0.02,0.00,0.0,0.0,0.0,1.4,2.7,7.7,
Reggie Gilliam,NE,RB,at JAX,4000,0.48,,0.00,0.0,0.0,0.0,1.4,2.3,7.1,
Simi Fehoko,ARI,WR,at SF,3000,0.47,0.01,0.00,0.0,0.0,0.0,1.3,2.7,7.7,
Patrick Ricard,NYG,RB,vs TEN,4000,0.46,,0.00,0.0,0.0,0.0,1.4,2.4,7.7,
Tom Kennedy,DET,WR,vs NYJ,3000,0.45,0.15,0.06,0.0,0.0,0.0,1.1,2.5,7.9,
Ben VanSumeren,KC,RB,at MIA,4000,0.44,,0.00,0.0,0.0,0.2,0.8,2.2,7.2,
Chris Manhertz,NYG,TE,vs TEN,2500,0.44,,0.00,0.0,0.0,0.0,1.2,2.5,7.8,
Carsen Ryan,CLE,TE,vs CAR,2500,0.43,0.05,0.02,0.0,0.0,0.0,1.3,2.4,7.3,
Robert Tonyan,PIT,TE,vs CIN,2500,0.43,,0.00,0.0,0.0,0.0,1.3,2.5,7.0,
British Brooks,HOU,RB,at IND,4000,0.42,,0.00,0.0,0.0,0.3,0.9,2.2,6.7,
Michael Burton,CLE,RB,vs CAR,4000,0.42,,0.00,0.0,0.0,0.0,1.3,2.2,7.7,
Corey Kiner,NE,RB,at JAX,4000,0.42,,0.00,0.0,0.0,0.3,0.6,1.7,7.3,
Jaylin Lane,WAS,WR,vs SEA,3000,0.41,,0.00,0.0,0.0,0.0,0.0,2.7,6.0,
Tahj Brooks,CIN,RB,at PIT,4000,0.39,,0.00,0.0,0.0,0.1,0.4,1.7,7.3,
Riley Nowakowski,PIT,RB,vs CIN,4000,0.37,,0.00,0.0,0.0,0.2,0.5,2.0,6.9,
Devin Duvernay,ARI,WR,at SF,3000,0.35,0.01,0.01,0.0,0.0,0.0,0.0,2.3,6.0,
Jacob Saylors,DET,RB,vs NYJ,4000,0.32,,0.00,0.0,0.0,0.2,0.4,1.4,7.0,
Rasheen Ali,BAL,RB,at DAL,4000,0.32,,0.00,0.0,0.0,0.0,0.4,1.4,6.5,
Isaiah Davis,NYJ,RB,at DET,4000,0.32,,0.00,0.0,0.0,0.0,0.3,1.4,6.8,
Tyrone Tracy Jr.,NYG,RB,vs TEN,4100,0.30,,0.00,0.0,0.0,0.0,0.3,1.2,6.9,
Tyler Conklin,DET,TE,vs NYJ,2500,0.25,0.01,0.01,0.0,0.0,0.0,0.0,1.8,5.6,
Jackson Meeks,DET,TE,vs NYJ,2500,0.25,0.01,0.01,0.0,0.0,0.0,0.0,1.7,7.2,
Gavin Bartholomew,MIN,TE,at TB,2500,0.25,0.01,0.01,0.0,0.0,0.0,0.0,1.9,4.0,
Bam Knight,ARI,RB,at SF,4000,0.16,,0.00,0.0,0.0,0.0,0.2,0.7,6.1,
Chris Collier,LV,RB,at NO,4000,0.00,,0.00,0.0,0.0,0.0,0.0,0.0,0.0,O
Adam Randall,BAL,RB,at DAL,4000,0.00,,0.00,0.0,0.0,0.0,0.0,0.0,0.0,O
Chris Brazzell II,CAR,WR,at CLE,3000,0.00,,0.00,0.0,0.0,0.0,0.0,0.0,0.0,O
Jaren Kanak,TEN,TE,at NYG,2500,0.00,,0.00,0.0,0.0,0.0,0.0,0.0,0.0,O
Jimmy Holiday,KC,WR,at MIA,3000,0.00,,0.00,0.0,0.0,0.0,0.0,0.0,0.0,O
David Njoku,LAC,TE,at BUF,2700,0.00,,0.00,0.0,0.0,0.0,0.0,0.0,0.0,O
Andrei Iosivas,CIN,WR,at PIT,3000,0.00,,0.00,0.0,0.0,0.0,0.0,0.0,0.0,O
Jeremy McNichols,WAS,RB,vs SEA,4000,0.00,,0.00,0.0,0.0,0.0,0.0,0.0,0.0,O
Princeton Fant,DAL,TE,vs BAL,2500,0.00,,0.00,0.0,0.0,0.0,0.0,0.0,0.0,O
Omar Cooper Jr.,NYJ,WR,at DET,3000,0.00,,0.00,0.0,0.0,0.0,0.0,0.0,0.0,O
Jordan Mason,MIN,RB,at TB,4000,0.00,,0.00,0.0,0.0,0.0,0.0,0.0,0.0,O
Tim Patrick,NYJ,WR,at DET,3000,0.00,,0.00,0.0,0.0,0.0,0.0,0.0,0.0,O
Ricky Pearsall,SF,WR,vs ARI,3000,0.00,,0.00,0.0,0.0,0.0,0.0,0.0,0.0,O
Jeshaun Jones,MIN,WR,at TB,3000,0.00,,0.00,0.0,0.0,0.0,0.0,0.0,0.0,O
Arian Smith,NYJ,WR,at DET,3000,0.00,,0.00,0.0,0.0,0.0,0.0,0.0,0.0,O
Kene Nwangwu,NYJ,RB,at DET,4000,0.00,,0.00,0.0,0.0,0.0,0.0,0.0,0.0,O
Aidan O'Connell,LV,QB,at NO,4000,0.00,,0.00,0.0,0.0,0.0,0.0,0.0,0.0,O
Dont'e Thornton Jr.,LV,WR,at NO,3000,0.00,,0.00,0.0,0.0,0.0,0.0,0.0,0.0,O
KeAndre Lambert-Smith,LAC,WR,at BUF,3000,0.00,,0.00,0.0,0.0,0.0,0.0,0.0,0.0,O
Corey Rucker,LV,WR,at NO,3000,0.00,,0.00,0.0,0.0,0.0,0.0,0.0,0.0,O
Jameson Geers,ARI,TE,at SF,2500,0.00,,0.00,0.0,0.0,0.0,0.0,0.0,0.0,O
Calvin Austin III,NYG,WR,vs TEN,3000,0.00,,0.00,0.0,0.0,0.0,0.0,0.0,0.0,O
De'Zhaun Stribling,SF,WR,vs ARI,3000,0.00,,0.00,0.0,0.0,0.0,0.0,0.0,0.0,O
Irvin Charles,SEA,WR,at WAS,3000,0.00,,0.00,0.0,0.0,0.0,0.0,0.0,0.0,O
Ja'Kobi Lane,BAL,WR,at DAL,3000,0.00,,0.00,0.0,0.0,0.0,0.0,0.0,0.0,O
Will Mallory,IND,TE,vs HOU,2500,0.00,,0.00,0.0,0.0,0.0,0.0,0.0,0.0,O
Tyrell Shavers,BUF,WR,vs LAC,3000,0.00,,0.00,0.0,0.0,0.0,0.0,0.0,0.0,O
Mason Tipton,NO,WR,vs LV,3000,0.00,,0.00,0.0,0.0,0.0,0.0,0.0,0.0,O
Scott Matlock,LAC,RB,at BUF,4000,0.00,,0.00,0.0,0.0,0.0,0.0,0.0,0.0,O
Dylan Sampson,CLE,RB,vs CAR,4000,0.00,,0.00,0.0,0.0,0.0,0.0,0.0,0.0,O
Cole Turner,MIA,TE,vs KC,2500,0.00,,0.00,0.0,0.0,0.0,0.0,0.0,0.0,O
Kendrick Law,DET,WR,vs NYJ,3000,0.00,,0.00,0.0,0.0,0.0,0.0,0.0,0.0,O
Ashton Dulin,IND,WR,vs HOU,3200,0.00,,0.00,0.0,0.0,0.0,0.0,0.0,0.0,O
Isiah Pacheco,DET,RB,vs NYJ,4000,0.00,,0.00,0.0,0.0,0.0,0.0,0.0,0.0,O
Brenen Thompson,LAC,WR,at BUF,3000,0.00,,0.00,0.0,0.0,0.0,0.0,0.0,0.0,O
Trey Benson,ARI,RB,at SF,4000,0.00,,0.00,0.0,0.0,0.0,0.0,0.0,0.0,O
Jaxson Dart,NYG,QB,vs TEN,5900,0.00,,0.00,0.0,0.0,0.0,0.0,0.0,0.0,O
Jayden Higgins,HOU,WR,at IND,3000,0.00,,0.00,0.0,0.0,0.0,0.0,0.0,0.0,O
Jeremiah Webb,NE,WR,at JAX,3000,0.00,,0.00,0.0,0.0,0.0,0.0,0.0,0.0,O
Cole Burgess,PIT,WR,vs CIN,3000,0.00,,0.00,0.0,0.0,0.0,0.0,0.0,0.0,O
John Michael Gyllenborg,KC,TE,at MIA,2500,0.00,,0.00,0.0,0.0,0.0,0.0,0.0,0.0,O
Joe Royer,CLE,TE,vs CAR,2500,0.00,,0.00,0.0,0.0,0.0,0.0,0.0,0.0,O
Jake Bobo,SEA,WR,at WAS,3000,0.00,,0.00,0.0,0.0,0.0,0.0,0.0,0.0,O
Jayden Daniels,WAS,QB,vs SEA,6000,0.00,,0.00,0.0,0.0,0.0,0.0,0.0,0.0,O
D.J. Montgomery,IND,WR,vs HOU,3000,0.00,,0.00,0.0,0.0,0.0,0.0,0.0,0.0,O
Moliki Matavao,NO,TE,vs LV,2500,0.00,,0.00,0.0,0.0,0.0,0.0,0.0,0.0,O
Zach Charbonnet,SEA,RB,at WAS,4000,0.00,,0.00,0.0,0.0,0.0,0.0,0.0,0.0,O
Ty Chandler,NO,RB,vs LV,4000,0.00,,0.00,0.0,0.0,0.0,0.0,0.0,0.0,O
Isaac Guerendo,SF,RB,vs ARI,4000,0.00,,0.00,0.0,0.0,0.0,0.0,0.0,0.0,O
Jaylen Wright,MIA,RB,vs KC,4000,0.00,,0.00,0.0,0.0,0.0,0.0,0.0,0.0,D
Julian Hill,NE,TE,at JAX,2500,0.00,,0.00,0.0,0.0,0.0,0.0,0.0,0.0,O
Jordyn Tyson,NO,WR,vs LV,3000,0.00,,0.00,0.0,0.0,0.0,0.0,0.0,0.0,O
Justin Shorter,LV,WR,at NO,3000,0.00,,0.00,0.0,0.0,0.0,0.0,0.0,0.0,O
Gunner Olszewski,NYG,WR,vs TEN,3000,0.00,,0.00,0.0,0.0,0.0,0.0,0.0,0.0,O
Alec Pierce,IND,WR,vs HOU,5600,0.00,,0.00,0.0,0.0,0.0,0.0,0.0,0.0,O
Demarcus Robinson,SF,WR,vs ARI,3800,0.00,,0.00,0.0,0.0,0.0,0.0,0.0,0.0,O
Rico Dowdle,PIT,RB,vs CIN,4700,0.00,,0.00,0.0,0.0,0.0,0.0,0.0,0.0,O
Mason Taylor,NYJ,TE,at DET,2500,0.00,,0.00,0.0,0.0,0.0,0.0,0.0,0.0,O
Jonathon Brooks,CAR,RB,at CLE,4600,0.00,,0.00,0.0,0.0,0.0,0.0,0.0,0.0,O
Brandon Aiyuk,SF,WR,vs ARI,3000,0.00,,0.00,0.0,0.0,0.0,0.0,0.0,0.0,O
Christian Kirk,SF,WR,vs ARI,3000,0.00,,0.00,0.0,0.0,0.0,0.0,0.0,0.0,O
DJ Rogers,DAL,TE,vs BAL,2500,0.00,,0.00,0.0,0.0,0.0,0.0,0.0,0.0,O
Zach Wood,NO,TE,vs LV,2500,0.00,,0.00,0.0,0.0,0.0,0.0,0.0,0.0,O
Chig Okonkwo,WAS,TE,vs SEA,3600,0.00,,0.00,0.0,0.0,0.0,0.0,0.0,0.0,O
Carter Runyon,LV,TE,at NO,2500,0.00,,0.00,0.0,0.0,0.0,0.0,0.0,0.0,O
Robbie Ouzts,SEA,RB,at WAS,4000,0.00,,0.00,0.0,0.0,0.0,0.0,0.0,0.0,O
Ben Yurosek,MIN,TE,at TB,2500,0.00,,0.00,0.0,0.0,0.0,0.0,0.0,0.0,O
Caleb Douglas,MIA,WR,vs KC,3900,0.00,,0.00,0.0,0.0,0.0,0.0,0.0,0.0,O
Trevor Etienne,CAR,RB,at CLE,4000,0.00,,0.00,0.0,0.0,0.0,0.0,0.0,0.0,O
Graham Mertz,HOU,QB,at IND,4000,0.00,,0.00,0.0,0.0,0.0,0.0,0.0,0.0,O
Myles Montgomery,NE,RB,at JAX,4000,0.00,,0.00,0.0,0.0,0.0,0.0,0.0,0.0,O
Chip Trayanum,NYJ,RB,at DET,4000,0.00,,0.00,0.0,0.0,0.0,0.0,0.0,0.0,O
Charlie Kolar,LAC,TE,at BUF,2500,0.00,,0.00,0.0,0.0,0.0,0.0,0.0,0.0,O
David Sills V,TB,WR,vs MIN,3000,0.00,,0.00,0.0,0.0,0.0,0.0,0.0,0.0,O
Jeff Caldwell,KC,WR,at MIA,3000,0.00,,0.00,0.0,0.0,0.0,0.0,0.0,0.0,O
Nico Collins,HOU,WR,at IND,7000,0.00,,0.00,0.0,0.0,0.0,0.0,0.0,0.0,O
Jake Tonges,SF,TE,vs ARI,2500,0.00,,0.00,0.0,0.0,0.0,0.0,0.0,0.0,O
James Conner,ARI,RB,at SF,4000,0.00,,0.00,0.0,0.0,0.0,0.0,0.0,0.0,O
Malik Davis,DAL,RB,vs BAL,4000,0.00,,0.00,0.0,0.0,0.0,0.0,0.0,0.0,O
Tank Dell,HOU,WR,at IND,3000,0.00,,0.00,0.0,0.0,0.0,0.0,0.0,0.0,O
Barion Brown,NO,WR,vs LV,3000,0.00,,0.00,0.0,0.0,0.0,0.0,0.0,0.0,O
Carson Towt,IND,TE,vs HOU,2500,0.00,,0.00,0.0,0.0,0.0,0.0,0.0,0.0,O
A.J. Brown,NE,WR,at JAX,3000,0.00,,0.00,0.0,0.0,0.0,0.0,0.0,0.0,O
Tip Reiman,ARI,TE,at SF,2500,0.00,,0.00,0.0,0.0,0.0,0.0,0.0,0.0,O
Dillon Gabriel,CLE,QB,vs CAR,4000,0.00,,0.00,0.0,0.0,0.0,0.0,0.0,0.0,O
Skylar Thompson,BAL,QB,at DAL,4000,0.00,,0.00,0.0,0.0,0.0,0.0,0.0,0.0,O
Zay Flowers,BAL,WR,at DAL,6900,0.00,,0.00,0.0,0.0,0.0,0.0,0.0,0.0,Q
Drew Lock,SEA,QB,at WAS,5200,0.00,,0.00,0.0,0.0,0.0,0.0,0.0,0.0,
